{"_default": {"4": {"tipo": "passeio", "titulo": "Cachoeira Jose", "localizacao": "Minas", "resumo": "cachoeira divertida e legal uhu", "descricao": "muito legal pra familia bem top adoro", "incluso": ["passeio", "cerveja", "toalha"], "dicas": ["levar agua", "ir de carro", "criancas"], "observacoes": ["adoro", "amo", "delicia"], "precos": [["criancas", "500"], ["adultos", "1000"], ["idosos", "gratis"]], "midias": ["https://www.minasgerais.com.br/arquivos/uploads/1632155814k5byBRXDYv.jpg", "https://encrypted-tbn0.gstatic.com/images?q=tbn:ANd9GcScLl_mdjEJ2ftlpK_UMHiStdVcZ38eXPTaFw&s"], "numero_diarias": 25, "hospedagem": "N\u00e3o", "roteiro": "aiuwdbauibwdibukadbouwaisndiowabudb owaiduibaw idb awu ui", "disponivel": "Sim", "data_de_saida": "14/06/28", "limite_vagas": 7, "rawincluso": "passeio/./cerveja/./toalha", "rawdicas": "levar agua/./ir de carro/./criancas", "rawobservacoes": "adoro/./amo/./delicia", "rawprecos": "criancas/;/500/./adultos/;/1000/./idosos/;/gratis", "rawmidias": "https://www.minasgerais.com.br/arquivos/uploads/1632155814k5byBRXDYv.jpg/./https://encrypted-tbn0.gstatic.com/images?q=tbn:ANd9GcScLl_mdjEJ2ftlpK_UMHiStdVcZ38eXPTaFw&s"}, "6": {"tipo": "pacote", "titulo": "Lindas Cavernas em MG", "localizacao": "Parque Ecologico Blabla", "resumo": "passeio por lindas cavernas", "descricao": "5 cavernas incriveis maravilhosas em MG.", "incluso": ["Lanterna", "Guia", "Almoco"], "dicas": ["Levar toalha", "Levar capacete", "Levar sogra"], "observacoes": ["Perigoso para menores desacompanhados", "Divertido em amigos", "Proibido fumar na caverna"], "precos": [["Menos de 12 anos", "R$250,00"], ["Menos de 18 anos", "R$400,00"], ["Adultos", "R$550,00"]], "midias": ["https://s2-g1.glbimg.com/PgfuzpduZOcqcHiq98CmGNOsEIE=/1200x/smart/filters:cover():strip_icc()/i.s3.glbimg.com/v1/AUTH_59edd422c0c84a879bd37670ae4f538a/internal_photos/bs/2024/I/9/yEnOq0RxqB5g3VAA0mQg/ipatrimonio-sacramento-gruta-dos-palhares-imagem-fabianni-luiz-ribeiro-768x372.jpg", "https://www.ufmg.br/espacodoconhecimento/wp-content/uploads/2022/01/gruta-rei-do-mato.jpg", "https://s2-g1.glbimg.com/PgfuzpduZOcqcHiq98CmGNOsEIE=/1200x/smart/filters:cover():strip_icc()/i.s3.glbimg.com/v1/AUTH_59edd422c0c84a879bd37670ae4f538a/internal_photos/bs/2024/I/9/yEnOq0RxqB5g3VAA0mQg/ipatrimonio-sacramento-gruta-dos-palhares-imagem-fabianni-luiz-ribeiro-768x372.jpg"], "numero_diarias": 10, "hospedagem": "Sim", "roteiro": "Dia 1: Caverna; Dia 2: Caverna; ate o dia 10: Caverna", "disponivel": "Sim", "data_de_saida": "25/12/2025", "limite_vagas": 18, "rawincluso": "Lanterna/./Guia/./Almoco", "rawdicas": "Levar toalha/./Levar capacete/./Levar sogra", "rawobservacoes": "Perigoso para menores desacompanhados/./Divertido em amigos/./Proibido fumar na caverna", "rawprecos": "Menos de 12 anos/;/R$250,00/./Menos de 18 anos/;/R$400,00/./Adultos/;/R$550,00", "rawmidias": "https://s2-g1.glbimg.com/PgfuzpduZOcqcHiq98CmGNOsEIE=/1200x/smart/filters:cover():strip_icc()/i.s3.glbimg.com/v1/AUTH_59edd422c0c84a879bd37670ae4f538a/internal_photos/bs/2024/I/9/yEnOq0RxqB5g3VAA0mQg/ipatrimonio-sacramento-gruta-dos-palhares-imagem-fabianni-luiz-ribeiro-768x372.jpg/./https://www.ufmg.br/espacodoconhecimento/wp-content/uploads/2022/01/gruta-rei-do-mato.jpg/./https://s2-g1.glbimg.com/PgfuzpduZOcqcHiq98CmGNOsEIE=/1200x/smart/filters:cover():strip_icc()/i.s3.glbimg.com/v1/AUTH_59edd422c0c84a879bd37670ae4f538a/internal_photos/bs/2024/I/9/yEnOq0RxqB5g3VAA0mQg/ipatrimonio-sacramento-gruta-dos-palhares-imagem-fabianni-luiz-ribeiro-768x372.jpg"}}}