{"_default": {"4": {"tipo": "passeio", "titulo": "Cachoeira Jose", "localizacao": "Minas", "resumo": "cachoeira divertida e legal uhu", "descricao": "muito legal pra familia bem top adoro", "incluso": ["passeio", "cerveja", "toalha"], "dicas": ["levar agua", "ir de carro", "criancas"], "observacoes": ["adoro", "amo", "delicia"], "precos": [["criancas", "500"], ["adultos", "1000"], ["idosos", "gratis"]], "midias": ["https://www.minasgerais.com.br/arquivos/uploads/1632155814k5byBRXDYv.jpg", "https://encrypted-tbn0.gstatic.com/images?q=tbn:ANd9GcScLl_mdjEJ2ftlpK_UMHiStdVcZ38eXPTaFw&s"], "numero_diarias": 25, "hospedagem": "N\u00e3o", "roteiro": "aiuwdbauibwdibukadbouwaisndiowabudb owaiduibaw idb awu ui", "disponivel": "Sim", "data_de_saida": "14/06/28", "limite_vagas": 7, "rawincluso": "passeio/./cerveja/./toalha", "rawdicas": "levar agua/./ir de carro/./criancas", "rawobservacoes": "adoro/./amo/./delicia", "rawprecos": "criancas/;/500/./adultos/;/1000/./idosos/;/gratis", "rawmidias": "https://www.minasgerais.com.br/arquivos/uploads/1632155814k5byBRXDYv.jpg/./https://encrypted-tbn0.gstatic.com/images?q=tbn:ANd9GcScLl_mdjEJ2ftlpK_UMHiStdVcZ38eXPTaFw&s"}, "5": {"tipo": "passeio", "titulo": "Passei o pau na sua cara", "localizacao": "sua cara", "resumo": "eu passei o pau na sua cara", "descricao": "pau cara uhu", "incluso": ["pau", "cara"], "dicas": ["proteja a cara", "leve o pau"], "observacoes": ["isso ae", "apenas", "cabou ja", "n quero botar mais"], "precos": [["criancas", "500"], ["adultos", "1000"], ["idosos", "gratis"], ["Zassa", "R$29,99"]], "midias": ["https://imgsapp.revistaencontro.com.br/app/noticia_152466458717/2018/07/04/163142/20180704105448283769a.jpg", "https://thumbs.dreamstime.com/b/segurando-um-bast%C3%A3o-de-madeira-m%C3%A3o-uma-espessa-haste-234152000.jpg", "https://mercadonegroantiguidades.com.br/wp-content/uploads/2022/02/ES-16.jpg", "https://static.wixstatic.com/media/4beee1_960855cddb294f969b3dd9ef3e8f480c~mv2.jpeg/v1/fill/w_326,h_320,fp_0.52_0.42,q_80,usm_0.66_1.00_0.01,enc_auto/Zassa.jpeg"], "numero_diarias": 69, "hospedagem": "N\u00e3o", "roteiro": "ZASSA VAI LEVA TORADA NA CARAAAA AHAHAHAHHA", "disponivel": "Sim", "data_de_saida": "17/10/2024", "limite_vagas": 2, "rawincluso": "pau/./cara", "rawdicas": "proteja a cara/./leve o pau", "rawobservacoes": "isso ae/./apenas/./cabou ja/./n quero botar mais", "rawprecos": "criancas/;/500/./adultos/;/1000/./idosos/;/gratis/./Zassa/;/R$29,99", "rawmidias": "https://imgsapp.revistaencontro.com.br/app/noticia_152466458717/2018/07/04/163142/20180704105448283769a.jpg/./https://thumbs.dreamstime.com/b/segurando-um-bast%C3%A3o-de-madeira-m%C3%A3o-uma-espessa-haste-234152000.jpg/./https://mercadonegroantiguidades.com.br/wp-content/uploads/2022/02/ES-16.jpg/./https://static.wixstatic.com/media/4beee1_960855cddb294f969b3dd9ef3e8f480c~mv2.jpeg/v1/fill/w_326,h_320,fp_0.52_0.42,q_80,usm_0.66_1.00_0.01,enc_auto/Zassa.jpeg"}}}